task_id,task_name,period,scenario,rework_probability,baseline_rework_prob,rework_overhead_factor
1,Mount Door Frame,1,1,0.04237487045149435,0.04068864620086255,0.41703955334928233
1,Mount Door Frame,1,2,0.020678641566983447,0.04068864620086255,0.41703955334928233
1,Mount Door Frame,1,3,0.04211241358120367,0.04068864620086255,0.41703955334928233
1,Mount Door Frame,1,4,0.021956756121946086,0.04068864620086255,0.41703955334928233
1,Mount Door Frame,1,5,0.04242327062770966,0.04068864620086255,0.41703955334928233
1,Mount Door Frame,1,6,0.041917662468902585,0.04068864620086255,0.41703955334928233
1,Mount Door Frame,1,7,0.0324931158146477,0.04068864620086255,0.41703955334928233
1,Mount Door Frame,1,8,0.0504802358922107,0.04068864620086255,0.41703955334928233
1,Mount Door Frame,1,9,0.0342785619807813,0.04068864620086255,0.41703955334928233
1,Mount Door Frame,1,10,0.04706474749940376,0.04068864620086255,0.41703955334928233
1,Mount Door Frame,1,11,0.03436803272209245,0.04068864620086255,0.41703955334928233
1,Mount Door Frame,1,12,0.03533903697345999,0.04068864620086255,0.41703955334928233
1,Mount Door Frame,1,13,0.04504792794151169,0.04068864620086255,0.41703955334928233
1,Mount Door Frame,1,14,0.057406547497360856,0.04068864620086255,0.41703955334928233
1,Mount Door Frame,1,15,0.048793590764184186,0.04068864620086255,0.41703955334928233
1,Mount Door Frame,1,16,0.046054627926314824,0.04068864620086255,0.41703955334928233
1,Mount Door Frame,1,17,0.052903085066496464,0.04068864620086255,0.41703955334928233
1,Mount Door Frame,1,18,0.020759782892021704,0.04068864620086255,0.41703955334928233
1,Mount Door Frame,1,19,0.04712197306131788,0.04068864620086255,0.41703955334928233
1,Mount Door Frame,1,20,0.04378195024728486,0.04068864620086255,0.41703955334928233
1,Mount Door Frame,2,1,0.03543320890017906,0.04068864620086255,0.41703955334928233
1,Mount Door Frame,2,2,0.055811806243044104,0.04068864620086255,0.41703955334928233
1,Mount Door Frame,2,3,0.046551349224772554,0.04068864620086255,0.41703955334928233
1,Mount Door Frame,2,4,0.025970767072403828,0.04068864620086255,0.41703955334928233
1,Mount Door Frame,2,5,0.02689276056445367,0.04068864620086255,0.41703955334928233
1,Mount Door Frame,2,6,0.04826194653875871,0.04068864620086255,0.41703955334928233
1,Mount Door Frame,2,7,0.056402351387133745,0.04068864620086255,0.41703955334928233
1,Mount Door Frame,2,8,0.026219232691735747,0.04068864620086255,0.41703955334928233
1,Mount Door Frame,2,9,0.05125168902789571,0.04068864620086255,0.41703955334928233
1,Mount Door Frame,2,10,0.04254418457820225,0.04068864620086255,0.41703955334928233
1,Mount Door Frame,2,11,0.025416155396956058,0.04068864620086255,0.41703955334928233
1,Mount Door Frame,2,12,0.021231871038102826,0.04068864620086255,0.41703955334928233
1,Mount Door Frame,2,13,0.0479379697786109,0.04068864620086255,0.41703955334928233
1,Mount Door Frame,2,14,0.053335415061618395,0.04068864620086255,0.41703955334928233
1,Mount Door Frame,2,15,0.028997469868451843,0.04068864620086255,0.41703955334928233
1,Mount Door Frame,2,16,0.03355813043069584,0.04068864620086255,0.41703955334928233
1,Mount Door Frame,2,17,0.027023003041515177,0.04068864620086255,0.41703955334928233
1,Mount Door Frame,2,18,0.03779691038039066,0.04068864620086255,0.41703955334928233
1,Mount Door Frame,2,19,0.02186141858865424,0.04068864620086255,0.41703955334928233
1,Mount Door Frame,2,20,0.03324809717171527,0.04068864620086255,0.41703955334928233
2,Install Hinges,1,1,0.04993656899591147,0.04507843245619566,0.22161534000792849
2,Install Hinges,1,2,0.038840327857021704,0.04507843245619566,0.22161534000792849
2,Install Hinges,1,3,0.03683105744560872,0.04507843245619566,0.22161534000792849
2,Install Hinges,1,4,0.06710530230252412,0.04507843245619566,0.22161534000792849
2,Install Hinges,1,5,0.043167056191116396,0.04507843245619566,0.22161534000792849
2,Install Hinges,1,6,0.024485249254069016,0.04507843245619566,0.22161534000792849
2,Install Hinges,1,7,0.044443820807904856,0.04507843245619566,0.22161534000792849
2,Install Hinges,1,8,0.02381360122303473,0.04507843245619566,0.22161534000792849
2,Install Hinges,1,9,0.054650620420764934,0.04507843245619566,0.22161534000792849
2,Install Hinges,1,10,0.027389255819015256,0.04507843245619566,0.22161534000792849
2,Install Hinges,1,11,0.031735828908627244,0.04507843245619566,0.22161534000792849
2,Install Hinges,1,12,0.04357030155918208,0.04507843245619566,0.22161534000792849
2,Install Hinges,1,13,0.037099975415708655,0.04507843245619566,0.22161534000792849
2,Install Hinges,1,14,0.04221134555521502,0.04507843245619566,0.22161534000792849
2,Install Hinges,1,15,0.06115714504768647,0.04507843245619566,0.22161534000792849
2,Install Hinges,1,16,0.02569195960446155,0.04507843245619566,0.22161534000792849
2,Install Hinges,1,17,0.02597397586507947,0.04507843245619566,0.22161534000792849
2,Install Hinges,1,18,0.0509333568724298,0.04507843245619566,0.22161534000792849
2,Install Hinges,1,19,0.03199320236255075,0.04507843245619566,0.22161534000792849
2,Install Hinges,1,20,0.05944872701078521,0.04507843245619566,0.22161534000792849
2,Install Hinges,2,1,0.02459923376720704,0.04507843245619566,0.22161534000792849
2,Install Hinges,2,2,0.041695345157507425,0.04507843245619566,0.22161534000792849
2,Install Hinges,2,3,0.06581874337403264,0.04507843245619566,0.22161534000792849
2,Install Hinges,2,4,0.057428402315529536,0.04507843245619566,0.22161534000792849
2,Install Hinges,2,5,0.043987326484077126,0.04507843245619566,0.22161534000792849
2,Install Hinges,2,6,0.03938160729650209,0.04507843245619566,0.22161534000792849
2,Install Hinges,2,7,0.049436728748763516,0.04507843245619566,0.22161534000792849
2,Install Hinges,2,8,0.03673001375586406,0.04507843245619566,0.22161534000792849
2,Install Hinges,2,9,0.045321682037890484,0.04507843245619566,0.22161534000792849
2,Install Hinges,2,10,0.03815297598015401,0.04507843245619566,0.22161534000792849
2,Install Hinges,2,11,0.03553810051419305,0.04507843245619566,0.22161534000792849
2,Install Hinges,2,12,0.028356932737683648,0.04507843245619566,0.22161534000792849
2,Install Hinges,2,13,0.05714049578048594,0.04507843245619566,0.22161534000792849
2,Install Hinges,2,14,0.06128517390171501,0.04507843245619566,0.22161534000792849
2,Install Hinges,2,15,0.05985319929560436,0.04507843245619566,0.22161534000792849
2,Install Hinges,2,16,0.03924699547188775,0.04507843245619566,0.22161534000792849
2,Install Hinges,2,17,0.04414685008658787,0.04507843245619566,0.22161534000792849
2,Install Hinges,2,18,0.056666388989638106,0.04507843245619566,0.22161534000792849
2,Install Hinges,2,19,0.060329927774432,0.04507843245619566,0.22161534000792849
2,Install Hinges,2,20,0.029077415265973214,0.04507843245619566,0.22161534000792849
3,Mount Door Panel,1,1,0.0764473000438461,0.05754609972846584,0.44112171083131263
3,Mount Door Panel,1,2,0.032434264261994736,0.05754609972846584,0.44112171083131263
3,Mount Door Panel,1,3,0.0711895928478904,0.05754609972846584,0.44112171083131263
3,Mount Door Panel,1,4,0.0758886308619153,0.05754609972846584,0.44112171083131263
3,Mount Door Panel,1,5,0.08029791614075849,0.05754609972846584,0.44112171083131263
3,Mount Door Panel,1,6,0.08234586059215224,0.05754609972846584,0.44112171083131263
3,Mount Door Panel,1,7,0.05783690130139877,0.05754609972846584,0.44112171083131263
3,Mount Door Panel,1,8,0.0582681308397973,0.05754609972846584,0.44112171083131263
3,Mount Door Panel,1,9,0.07712438519083692,0.05754609972846584,0.44112171083131263
3,Mount Door Panel,1,10,0.06596831781413877,0.05754609972846584,0.44112171083131263
3,Mount Door Panel,1,11,0.07837011805853092,0.05754609972846584,0.44112171083131263
3,Mount Door Panel,1,12,0.04443767071792966,0.05754609972846584,0.44112171083131263
3,Mount Door Panel,1,13,0.029333692908390475,0.05754609972846584,0.44112171083131263
3,Mount Door Panel,1,14,0.03590008122320291,0.05754609972846584,0.44112171083131263
3,Mount Door Panel,1,15,0.05466390619618422,0.05754609972846584,0.44112171083131263
3,Mount Door Panel,1,16,0.06735183906023959,0.05754609972846584,0.44112171083131263
3,Mount Door Panel,1,17,0.05236695532033019,0.05754609972846584,0.44112171083131263
3,Mount Door Panel,1,18,0.05149874770229134,0.05754609972846584,0.44112171083131263
3,Mount Door Panel,1,19,0.04762688551295503,0.05754609972846584,0.44112171083131263
3,Mount Door Panel,1,20,0.07461494222866197,0.05754609972846584,0.44112171083131263
3,Mount Door Panel,2,1,0.06436263737070437,0.05754609972846584,0.44112171083131263
3,Mount Door Panel,2,2,0.08020292246129009,0.05754609972846584,0.44112171083131263
3,Mount Door Panel,2,3,0.044276181296962556,0.05754609972846584,0.44112171083131263
3,Mount Door Panel,2,4,0.08194061451645142,0.05754609972846584,0.44112171083131263
3,Mount Door Panel,2,5,0.05188360622778944,0.05754609972846584,0.44112171083131263
3,Mount Door Panel,2,6,0.034071753825789655,0.05754609972846584,0.44112171083131263
3,Mount Door Panel,2,7,0.0650743558879272,0.05754609972846584,0.44112171083131263
3,Mount Door Panel,2,8,0.07756831854800217,0.05754609972846584,0.44112171083131263
3,Mount Door Panel,2,9,0.04147716580036302,0.05754609972846584,0.44112171083131263
3,Mount Door Panel,2,10,0.08481595894840775,0.05754609972846584,0.44112171083131263
3,Mount Door Panel,2,11,0.07238053456702613,0.05754609972846584,0.44112171083131263
3,Mount Door Panel,2,12,0.0670046418492814,0.05754609972846584,0.44112171083131263
3,Mount Door Panel,2,13,0.05064663340093214,0.05754609972846584,0.44112171083131263
3,Mount Door Panel,2,14,0.05869622567323437,0.05754609972846584,0.44112171083131263
3,Mount Door Panel,2,15,0.040508096324840405,0.05754609972846584,0.44112171083131263
3,Mount Door Panel,2,16,0.0790454851458171,0.05754609972846584,0.44112171083131263
3,Mount Door Panel,2,17,0.04844351444325424,0.05754609972846584,0.44112171083131263
3,Mount Door Panel,2,18,0.058855656006934105,0.05754609972846584,0.44112171083131263
3,Mount Door Panel,2,19,0.05418129871448815,0.05754609972846584,0.44112171083131263
3,Mount Door Panel,2,20,0.080050716423469,0.05754609972846584,0.44112171083131263
4,Install Lock Mechanism,1,1,0.04349966237887361,0.030170191951559552,0.4728780583158841
4,Install Lock Mechanism,1,2,0.01959512644120086,0.030170191951559552,0.4728780583158841
4,Install Lock Mechanism,1,3,0.01991843345526268,0.030170191951559552,0.4728780583158841
4,Install Lock Mechanism,1,4,0.03428849382450013,0.030170191951559552,0.4728780583158841
4,Install Lock Mechanism,1,5,0.016812446864860928,0.030170191951559552,0.4728780583158841
4,Install Lock Mechanism,1,6,0.025892829414063415,0.030170191951559552,0.4728780583158841
4,Install Lock Mechanism,1,7,0.04021304670942106,0.030170191951559552,0.4728780583158841
4,Install Lock Mechanism,1,8,0.03900447234393749,0.030170191951559552,0.4728780583158841
4,Install Lock Mechanism,1,9,0.02596721593082128,0.030170191951559552,0.4728780583158841
4,Install Lock Mechanism,1,10,0.04288327969999672,0.030170191951559552,0.4728780583158841
4,Install Lock Mechanism,1,11,0.036121313975731595,0.030170191951559552,0.4728780583158841
4,Install Lock Mechanism,1,12,0.032691734531628845,0.030170191951559552,0.4728780583158841
4,Install Lock Mechanism,1,13,0.0446874653682839,0.030170191951559552,0.4728780583158841
4,Install Lock Mechanism,1,14,0.023301909955084167,0.030170191951559552,0.4728780583158841
4,Install Lock Mechanism,1,15,0.030743376208006205,0.030170191951559552,0.4728780583158841
4,Install Lock Mechanism,1,16,0.022776093878441758,0.030170191951559552,0.4728780583158841
4,Install Lock Mechanism,1,17,0.03237660637221254,0.030170191951559552,0.4728780583158841
4,Install Lock Mechanism,1,18,0.03877514599823855,0.030170191951559552,0.4728780583158841
4,Install Lock Mechanism,1,19,0.031694060491828116,0.030170191951559552,0.4728780583158841
4,Install Lock Mechanism,1,20,0.025936103940673194,0.030170191951559552,0.4728780583158841
4,Install Lock Mechanism,2,1,0.043241766286053744,0.030170191951559552,0.4728780583158841
4,Install Lock Mechanism,2,2,0.033173917456809976,0.030170191951559552,0.4728780583158841
4,Install Lock Mechanism,2,3,0.026937879554179027,0.030170191951559552,0.4728780583158841
4,Install Lock Mechanism,2,4,0.02472022487674399,0.030170191951559552,0.4728780583158841
4,Install Lock Mechanism,2,5,0.02823058950681234,0.030170191951559552,0.4728780583158841
4,Install Lock Mechanism,2,6,0.023975763095109126,0.030170191951559552,0.4728780583158841
4,Install Lock Mechanism,2,7,0.01558135801813418,0.030170191951559552,0.4728780583158841
4,Install Lock Mechanism,2,8,0.019887432919216116,0.030170191951559552,0.4728780583158841
4,Install Lock Mechanism,2,9,0.04041285267168628,0.030170191951559552,0.4728780583158841
4,Install Lock Mechanism,2,10,0.015578106057591707,0.030170191951559552,0.4728780583158841
4,Install Lock Mechanism,2,11,0.02159554051084549,0.030170191951559552,0.4728780583158841
4,Install Lock Mechanism,2,12,0.03219717697668149,0.030170191951559552,0.4728780583158841
4,Install Lock Mechanism,2,13,0.04397944625269061,0.030170191951559552,0.4728780583158841
4,Install Lock Mechanism,2,14,0.018145758940162,0.030170191951559552,0.4728780583158841
4,Install Lock Mechanism,2,15,0.021882553243761177,0.030170191951559552,0.4728780583158841
4,Install Lock Mechanism,2,16,0.04242182496393093,0.030170191951559552,0.4728780583158841
4,Install Lock Mechanism,2,17,0.02298561573462598,0.030170191951559552,0.4728780583158841
4,Install Lock Mechanism,2,18,0.017489313016227505,0.030170191951559552,0.4728780583158841
4,Install Lock Mechanism,2,19,0.0313299078893206,0.030170191951559552,0.4728780583158841
4,Install Lock Mechanism,2,20,0.03844626459396152,0.030170191951559552,0.4728780583158841
5,Install Window Glass,1,1,0.047226932943173316,0.07518442137823152,0.2074697682651044
5,Install Window Glass,1,2,0.0393357650962145,0.07518442137823152,0.2074697682651044
5,Install Window Glass,1,3,0.052065829742166385,0.07518442137823152,0.2074697682651044
5,Install Window Glass,1,4,0.09481392680322255,0.07518442137823152,0.2074697682651044
5,Install Window Glass,1,5,0.07949381391388949,0.07518442137823152,0.2074697682651044
5,Install Window Glass,1,6,0.09258369632694638,0.07518442137823152,0.2074697682651044
5,Install Window Glass,1,7,0.05547383090243538,0.07518442137823152,0.2074697682651044
5,Install Window Glass,1,8,0.09283297996672793,0.07518442137823152,0.2074697682651044
5,Install Window Glass,1,9,0.11201833207204098,0.07518442137823152,0.2074697682651044
5,Install Window Glass,1,10,0.10640107341861943,0.07518442137823152,0.2074697682651044
5,Install Window Glass,1,11,0.06849519592312044,0.07518442137823152,0.2074697682651044
5,Install Window Glass,1,12,0.09212135299742708,0.07518442137823152,0.2074697682651044
5,Install Window Glass,1,13,0.11046667308120027,0.07518442137823152,0.2074697682651044
5,Install Window Glass,1,14,0.03807164882013914,0.07518442137823152,0.2074697682651044
5,Install Window Glass,1,15,0.05219711873885453,0.07518442137823152,0.2074697682651044
5,Install Window Glass,1,16,0.10014143846212056,0.07518442137823152,0.2074697682651044
5,Install Window Glass,1,17,0.0561773747326653,0.07518442137823152,0.2074697682651044
5,Install Window Glass,1,18,0.09374347283480021,0.07518442137823152,0.2074697682651044
5,Install Window Glass,1,19,0.08194988841679612,0.07518442137823152,0.2074697682651044
5,Install Window Glass,1,20,0.08096994659372471,0.07518442137823152,0.2074697682651044
5,Install Window Glass,2,1,0.09540970729710951,0.07518442137823152,0.2074697682651044
5,Install Window Glass,2,2,0.059677344349298965,0.07518442137823152,0.2074697682651044
5,Install Window Glass,2,3,0.08039487440186234,0.07518442137823152,0.2074697682651044
5,Install Window Glass,2,4,0.06424347658161639,0.07518442137823152,0.2074697682651044
5,Install Window Glass,2,5,0.05562714865288148,0.07518442137823152,0.2074697682651044
5,Install Window Glass,2,6,0.09330360186845585,0.07518442137823152,0.2074697682651044
5,Install Window Glass,2,7,0.0438916028501495,0.07518442137823152,0.2074697682651044
5,Install Window Glass,2,8,0.047273618103017015,0.07518442137823152,0.2074697682651044
5,Install Window Glass,2,9,0.053207489940184746,0.07518442137823152,0.2074697682651044
5,Install Window Glass,2,10,0.04127062756059821,0.07518442137823152,0.2074697682651044
5,Install Window Glass,2,11,0.04150952100354495,0.07518442137823152,0.2074697682651044
5,Install Window Glass,2,12,0.06984850546793249,0.07518442137823152,0.2074697682651044
5,Install Window Glass,2,13,0.07389081813814594,0.07518442137823152,0.2074697682651044
5,Install Window Glass,2,14,0.054083965922033884,0.07518442137823152,0.2074697682651044
5,Install Window Glass,2,15,0.05717009668191058,0.07518442137823152,0.2074697682651044
5,Install Window Glass,2,16,0.06897416338128746,0.07518442137823152,0.2074697682651044
5,Install Window Glass,2,17,0.08358143712459573,0.07518442137823152,0.2074697682651044
5,Install Window Glass,2,18,0.07588592865409524,0.07518442137823152,0.2074697682651044
5,Install Window Glass,2,19,0.04312000564311866,0.07518442137823152,0.2074697682651044
5,Install Window Glass,2,20,0.08559798385280994,0.07518442137823152,0.2074697682651044
6,Mount Window Regulator,1,1,0.019079726851035095,0.02612120153146754,0.36454697577080913
6,Mount Window Regulator,1,2,0.026766913369525955,0.02612120153146754,0.36454697577080913
6,Mount Window Regulator,1,3,0.02232085451322877,0.02612120153146754,0.36454697577080913
6,Mount Window Regulator,1,4,0.017972168424186953,0.02612120153146754,0.36454697577080913
6,Mount Window Regulator,1,5,0.021626032674867318,0.02612120153146754,0.36454697577080913
6,Mount Window Regulator,1,6,0.026740483363962782,0.02612120153146754,0.36454697577080913
6,Mount Window Regulator,1,7,0.030420509827375763,0.02612120153146754,0.36454697577080913
6,Mount Window Regulator,1,8,0.015886492429058218,0.02612120153146754,0.36454697577080913
6,Mount Window Regulator,1,9,0.0294090573285965,0.02612120153146754,0.36454697577080913
6,Mount Window Regulator,1,10,0.037713111601610144,0.02612120153146754,0.36454697577080913
6,Mount Window Regulator,1,11,0.03135671126098006,0.02612120153146754,0.36454697577080913
6,Mount Window Regulator,1,12,0.026524728532914727,0.02612120153146754,0.36454697577080913
6,Mount Window Regulator,1,13,0.027082630119319804,0.02612120153146754,0.36454697577080913
6,Mount Window Regulator,1,14,0.013793284871622468,0.02612120153146754,0.36454697577080913
6,Mount Window Regulator,1,15,0.021263294923193777,0.02612120153146754,0.36454697577080913
6,Mount Window Regulator,1,16,0.013882428356889796,0.02612120153146754,0.36454697577080913
6,Mount Window Regulator,1,17,0.03618394559228905,0.02612120153146754,0.36454697577080913
6,Mount Window Regulator,1,18,0.03715291655497385,0.02612120153146754,0.36454697577080913
6,Mount Window Regulator,1,19,0.017088948628973873,0.02612120153146754,0.36454697577080913
6,Mount Window Regulator,1,20,0.031833852921330195,0.02612120153146754,0.36454697577080913
6,Mount Window Regulator,2,1,0.03884868156655916,0.02612120153146754,0.36454697577080913
6,Mount Window Regulator,2,2,0.01986143751355814,0.02612120153146754,0.36454697577080913
6,Mount Window Regulator,2,3,0.016767135398934138,0.02612120153146754,0.36454697577080913
6,Mount Window Regulator,2,4,0.028683305852046856,0.02612120153146754,0.36454697577080913
6,Mount Window Regulator,2,5,0.033163408742773515,0.02612120153146754,0.36454697577080913
6,Mount Window Regulator,2,6,0.024073857401355495,0.02612120153146754,0.36454697577080913
6,Mount Window Regulator,2,7,0.02680434693172162,0.02612120153146754,0.36454697577080913
6,Mount Window Regulator,2,8,0.017554018380094225,0.02612120153146754,0.36454697577080913
6,Mount Window Regulator,2,9,0.03283214438581167,0.02612120153146754,0.36454697577080913
6,Mount Window Regulator,2,10,0.025771357760144695,0.02612120153146754,0.36454697577080913
6,Mount Window Regulator,2,11,0.022987904510105395,0.02612120153146754,0.36454697577080913
6,Mount Window Regulator,2,12,0.03415561393180892,0.02612120153146754,0.36454697577080913
6,Mount Window Regulator,2,13,0.02005637848405147,0.02612120153146754,0.36454697577080913
6,Mount Window Regulator,2,14,0.01369910931123195,0.02612120153146754,0.36454697577080913
6,Mount Window Regulator,2,15,0.03221307932838219,0.02612120153146754,0.36454697577080913
6,Mount Window Regulator,2,16,0.03909167810897975,0.02612120153146754,0.36454697577080913
6,Mount Window Regulator,2,17,0.019443270967501057,0.02612120153146754,0.36454697577080913
6,Mount Window Regulator,2,18,0.03540986834516432,0.02612120153146754,0.36454697577080913
6,Mount Window Regulator,2,19,0.035485221084380056,0.02612120153146754,0.36454697577080913
6,Mount Window Regulator,2,20,0.02664196757537278,0.02612120153146754,0.36454697577080913
7,Install Door Handle,1,1,0.054061850132131384,0.046638880647163615,0.4251229577306105
7,Install Door Handle,1,2,0.05581255735316182,0.046638880647163615,0.4251229577306105
7,Install Door Handle,1,3,0.040966479650425026,0.046638880647163615,0.4251229577306105
7,Install Door Handle,1,4,0.03766810603147436,0.046638880647163615,0.4251229577306105
7,Install Door Handle,1,5,0.02496454924593266,0.046638880647163615,0.4251229577306105
7,Install Door Handle,1,6,0.027637351990558664,0.046638880647163615,0.4251229577306105
7,Install Door Handle,1,7,0.040771704679473955,0.046638880647163615,0.4251229577306105
7,Install Door Handle,1,8,0.06216683464105186,0.046638880647163615,0.4251229577306105
7,Install Door Handle,1,9,0.046684832564798724,0.046638880647163615,0.4251229577306105
7,Install Door Handle,1,10,0.06633632672902427,0.046638880647163615,0.4251229577306105
7,Install Door Handle,1,11,0.04755903393030393,0.046638880647163615,0.4251229577306105
7,Install Door Handle,1,12,0.061594399551269594,0.046638880647163615,0.4251229577306105
7,Install Door Handle,1,13,0.05215092950717813,0.046638880647163615,0.4251229577306105
7,Install Door Handle,1,14,0.04342398431876132,0.046638880647163615,0.4251229577306105
7,Install Door Handle,1,15,0.05734307086208599,0.046638880647163615,0.4251229577306105
7,Install Door Handle,1,16,0.03843677232193314,0.046638880647163615,0.4251229577306105
7,Install Door Handle,1,17,0.05582179821247324,0.046638880647163615,0.4251229577306105
7,Install Door Handle,1,18,0.05593335527561652,0.046638880647163615,0.4251229577306105
7,Install Door Handle,1,19,0.04247751031216913,0.046638880647163615,0.4251229577306105
7,Install Door Handle,1,20,0.06404396946048117,0.046638880647163615,0.4251229577306105
7,Install Door Handle,2,1,0.06693224709561227,0.046638880647163615,0.4251229577306105
7,Install Door Handle,2,2,0.023476802637437195,0.046638880647163615,0.4251229577306105
7,Install Door Handle,2,3,0.05184298554726412,0.046638880647163615,0.4251229577306105
7,Install Door Handle,2,4,0.05777710064309474,0.046638880647163615,0.4251229577306105
7,Install Door Handle,2,5,0.03275110971512242,0.046638880647163615,0.4251229577306105
7,Install Door Handle,2,6,0.06076514621893518,0.046638880647163615,0.4251229577306105
7,Install Door Handle,2,7,0.04112311515738742,0.046638880647163615,0.4251229577306105
7,Install Door Handle,2,8,0.05921727251439699,0.046638880647163615,0.4251229577306105
7,Install Door Handle,2,9,0.030465635115733376,0.046638880647163615,0.4251229577306105
7,Install Door Handle,2,10,0.0506960486018376,0.046638880647163615,0.4251229577306105
7,Install Door Handle,2,11,0.03898123696343127,0.046638880647163615,0.4251229577306105
7,Install Door Handle,2,12,0.034425383229220556,0.046638880647163615,0.4251229577306105
7,Install Door Handle,2,13,0.06962477067205264,0.046638880647163615,0.4251229577306105
7,Install Door Handle,2,14,0.03104902790027673,0.046638880647163615,0.4251229577306105
7,Install Door Handle,2,15,0.0479251899857636,0.046638880647163615,0.4251229577306105
7,Install Door Handle,2,16,0.03148944099167537,0.046638880647163615,0.4251229577306105
7,Install Door Handle,2,17,0.06865293011241987,0.046638880647163615,0.4251229577306105
7,Install Door Handle,2,18,0.04809014090990255,0.046638880647163615,0.4251229577306105
7,Install Door Handle,2,19,0.027053673399431197,0.046638880647163615,0.4251229577306105
7,Install Door Handle,2,20,0.06891384069204394,0.046638880647163615,0.4251229577306105
8,Connect Electrical Harness,1,1,0.015394060375396498,0.024339436320845655,0.34722976672732114
8,Connect Electrical Harness,1,2,0.022563959459225156,0.024339436320845655,0.34722976672732114
8,Connect Electrical Harness,1,3,0.017190599628611608,0.024339436320845655,0.34722976672732114
8,Connect Electrical Harness,1,4,0.018166800575376226,0.024339436320845655,0.34722976672732114
8,Connect Electrical Harness,1,5,0.030509934162970438,0.024339436320845655,0.34722976672732114
8,Connect Electrical Harness,1,6,0.0147511397436729,0.024339436320845655,0.34722976672732114
8,Connect Electrical Harness,1,7,0.031044526382602532,0.024339436320845655,0.34722976672732114
8,Connect Electrical Harness,1,8,0.01795862746561077,0.024339436320845655,0.34722976672732114
8,Connect Electrical Harness,1,9,0.02957016415806006,0.024339436320845655,0.34722976672732114
8,Connect Electrical Harness,1,10,0.03555450891091703,0.024339436320845655,0.34722976672732114
8,Connect Electrical Harness,1,11,0.024978643736984277,0.024339436320845655,0.34722976672732114
8,Connect Electrical Harness,1,12,0.014925198769388356,0.024339436320845655,0.34722976672732114
8,Connect Electrical Harness,1,13,0.028449559089013268,0.024339436320845655,0.34722976672732114
8,Connect Electrical Harness,1,14,0.02463609189836078,0.024339436320845655,0.34722976672732114
8,Connect Electrical Harness,1,15,0.03551142690833172,0.024339436320845655,0.34722976672732114
8,Connect Electrical Harness,1,16,0.028633786356707876,0.024339436320845655,0.34722976672732114
8,Connect Electrical Harness,1,17,0.016108523842020356,0.024339436320845655,0.34722976672732114
8,Connect Electrical Harness,1,18,0.03439110233718625,0.024339436320845655,0.34722976672732114
8,Connect Electrical Harness,1,19,0.036502656196595054,0.024339436320845655,0.34722976672732114
8,Connect Electrical Harness,1,20,0.024135649192019173,0.024339436320845655,0.34722976672732114
8,Connect Electrical Harness,2,1,0.023257146264168565,0.024339436320845655,0.34722976672732114
8,Connect Electrical Harness,2,2,0.026094262021305808,0.024339436320845655,0.34722976672732114
8,Connect Electrical Harness,2,3,0.035887458266774086,0.024339436320845655,0.34722976672732114
8,Connect Electrical Harness,2,4,0.013588066763713453,0.024339436320845655,0.34722976672732114
8,Connect Electrical Harness,2,5,0.01311035279326071,0.024339436320845655,0.34722976672732114
8,Connect Electrical Harness,2,6,0.017422082756019242,0.024339436320845655,0.34722976672732114
8,Connect Electrical Harness,2,7,0.0320865687915749,0.024339436320845655,0.34722976672732114
8,Connect Electrical Harness,2,8,0.015271293297271673,0.024339436320845655,0.34722976672732114
8,Connect Electrical Harness,2,9,0.03492351647866035,0.024339436320845655,0.34722976672732114
8,Connect Electrical Harness,2,10,0.0123290884967294,0.024339436320845655,0.34722976672732114
8,Connect Electrical Harness,2,11,0.029135269492493433,0.024339436320845655,0.34722976672732114
8,Connect Electrical Harness,2,12,0.017198720165782118,0.024339436320845655,0.34722976672732114
8,Connect Electrical Harness,2,13,0.01897309804235209,0.024339436320845655,0.34722976672732114
8,Connect Electrical Harness,2,14,0.013657462529529544,0.024339436320845655,0.34722976672732114
8,Connect Electrical Harness,2,15,0.03311447334546739,0.024339436320845655,0.34722976672732114
8,Connect Electrical Harness,2,16,0.03220816812991978,0.024339436320845655,0.34722976672732114
8,Connect Electrical Harness,2,17,0.01824213642986556,0.024339436320845655,0.34722976672732114
8,Connect Electrical Harness,2,18,0.02173002993804173,0.024339436320845655,0.34722976672732114
8,Connect Electrical Harness,2,19,0.017305377973788522,0.024339436320845655,0.34722976672732114
8,Connect Electrical Harness,2,20,0.01846358391727735,0.024339436320845655,0.34722976672732114
9,Install Weather Strips,1,1,0.025786125196007422,0.03561232700464151,0.4513753982927782
9,Install Weather Strips,1,2,0.022598530680739956,0.03561232700464151,0.4513753982927782
9,Install Weather Strips,1,3,0.050523536138021484,0.03561232700464151,0.4513753982927782
9,Install Weather Strips,1,4,0.03903285967904646,0.03561232700464151,0.4513753982927782
9,Install Weather Strips,1,5,0.03781105543804744,0.03561232700464151,0.4513753982927782
9,Install Weather Strips,1,6,0.02312041124358324,0.03561232700464151,0.4513753982927782
9,Install Weather Strips,1,7,0.024778142937266368,0.03561232700464151,0.4513753982927782
9,Install Weather Strips,1,8,0.0465733607755193,0.03561232700464151,0.4513753982927782
9,Install Weather Strips,1,9,0.03289973370153224,0.03561232700464151,0.4513753982927782
9,Install Weather Strips,1,10,0.019540218056793835,0.03561232700464151,0.4513753982927782
9,Install Weather Strips,1,11,0.030888551557928107,0.03561232700464151,0.4513753982927782
9,Install Weather Strips,1,12,0.03930365060467303,0.03561232700464151,0.4513753982927782
9,Install Weather Strips,1,13,0.05080236299125589,0.03561232700464151,0.4513753982927782
9,Install Weather Strips,1,14,0.026707877144653995,0.03561232700464151,0.4513753982927782
9,Install Weather Strips,1,15,0.023222900590870878,0.03561232700464151,0.4513753982927782
9,Install Weather Strips,1,16,0.02334868089820788,0.03561232700464151,0.4513753982927782
9,Install Weather Strips,1,17,0.023240586858630535,0.03561232700464151,0.4513753982927782
9,Install Weather Strips,1,18,0.027943383987926486,0.03561232700464151,0.4513753982927782
9,Install Weather Strips,1,19,0.029288822134832675,0.03561232700464151,0.4513753982927782
9,Install Weather Strips,1,20,0.04898475987986446,0.03561232700464151,0.4513753982927782
9,Install Weather Strips,2,1,0.026136233911457064,0.03561232700464151,0.4513753982927782
9,Install Weather Strips,2,2,0.04766957717004144,0.03561232700464151,0.4513753982927782
9,Install Weather Strips,2,3,0.027543295154980448,0.03561232700464151,0.4513753982927782
9,Install Weather Strips,2,4,0.041836585245873546,0.03561232700464151,0.4513753982927782
9,Install Weather Strips,2,5,0.04273883907910183,0.03561232700464151,0.4513753982927782
9,Install Weather Strips,2,6,0.047141680055924826,0.03561232700464151,0.4513753982927782
9,Install Weather Strips,2,7,0.02791906973782424,0.03561232700464151,0.4513753982927782
9,Install Weather Strips,2,8,0.021051322000045322,0.03561232700464151,0.4513753982927782
9,Install Weather Strips,2,9,0.045347696687525745,0.03561232700464151,0.4513753982927782
9,Install Weather Strips,2,10,0.02448329260162353,0.03561232700464151,0.4513753982927782
9,Install Weather Strips,2,11,0.037606645843679995,0.03561232700464151,0.4513753982927782
9,Install Weather Strips,2,12,0.03609960407856458,0.03561232700464151,0.4513753982927782
9,Install Weather Strips,2,13,0.033502203655948304,0.03561232700464151,0.4513753982927782
9,Install Weather Strips,2,14,0.04273499565263189,0.03561232700464151,0.4513753982927782
9,Install Weather Strips,2,15,0.02051418815016308,0.03561232700464151,0.4513753982927782
9,Install Weather Strips,2,16,0.05017504829541277,0.03561232700464151,0.4513753982927782
9,Install Weather Strips,2,17,0.05301074516123188,0.03561232700464151,0.4513753982927782
9,Install Weather Strips,2,18,0.01871931938572382,0.03561232700464151,0.4513753982927782
9,Install Weather Strips,2,19,0.03437170585187163,0.03561232700464151,0.4513753982927782
9,Install Weather Strips,2,20,0.042931248177610765,0.03561232700464151,0.4513753982927782
10,Mount Interior Trim,1,1,0.053833174149425934,0.05008377328507679,0.28281471449920853
10,Mount Interior Trim,1,2,0.041637506072754876,0.05008377328507679,0.28281471449920853
10,Mount Interior Trim,1,3,0.06651593723855768,0.05008377328507679,0.28281471449920853
10,Mount Interior Trim,1,4,0.029644828422107264,0.05008377328507679,0.28281471449920853
10,Mount Interior Trim,1,5,0.06982405898256208,0.05008377328507679,0.28281471449920853
10,Mount Interior Trim,1,6,0.03311539135770725,0.05008377328507679,0.28281471449920853
10,Mount Interior Trim,1,7,0.04891317994631455,0.05008377328507679,0.28281471449920853
10,Mount Interior Trim,1,8,0.04993997435101219,0.05008377328507679,0.28281471449920853
10,Mount Interior Trim,1,9,0.06071789673433863,0.05008377328507679,0.28281471449920853
10,Mount Interior Trim,1,10,0.07091953403067693,0.05008377328507679,0.28281471449920853
10,Mount Interior Trim,1,11,0.04949370422688615,0.05008377328507679,0.28281471449920853
10,Mount Interior Trim,1,12,0.07460490374317642,0.05008377328507679,0.28281471449920853
10,Mount Interior Trim,1,13,0.0484564852817627,0.05008377328507679,0.28281471449920853
10,Mount Interior Trim,1,14,0.04406833231288344,0.05008377328507679,0.28281471449920853
10,Mount Interior Trim,1,15,0.0275783056038846,0.05008377328507679,0.28281471449920853
10,Mount Interior Trim,1,16,0.05740962743459201,0.05008377328507679,0.28281471449920853
10,Mount Interior Trim,1,17,0.028143734865625127,0.05008377328507679,0.28281471449920853
10,Mount Interior Trim,1,18,0.042006046464753755,0.05008377328507679,0.28281471449920853
10,Mount Interior Trim,1,19,0.06437548152506373,0.05008377328507679,0.28281471449920853
10,Mount Interior Trim,1,20,0.040954947829350746,0.05008377328507679,0.28281471449920853
10,Mount Interior Trim,2,1,0.02830927606938895,0.05008377328507679,0.28281471449920853
10,Mount Interior Trim,2,2,0.03629663566403592,0.05008377328507679,0.28281471449920853
10,Mount Interior Trim,2,3,0.04911122446863777,0.05008377328507679,0.28281471449920853
10,Mount Interior Trim,2,4,0.06582251112254421,0.05008377328507679,0.28281471449920853
10,Mount Interior Trim,2,5,0.06222914539096059,0.05008377328507679,0.28281471449920853
10,Mount Interior Trim,2,6,0.06811952018246162,0.05008377328507679,0.28281471449920853
10,Mount Interior Trim,2,7,0.04505865211556135,0.05008377328507679,0.28281471449920853
10,Mount Interior Trim,2,8,0.05644226529038277,0.05008377328507679,0.28281471449920853
10,Mount Interior Trim,2,9,0.050145865195657696,0.05008377328507679,0.28281471449920853
10,Mount Interior Trim,2,10,0.029359339420191324,0.05008377328507679,0.28281471449920853
10,Mount Interior Trim,2,11,0.04871701854968404,0.05008377328507679,0.28281471449920853
10,Mount Interior Trim,2,12,0.030383484486650826,0.05008377328507679,0.28281471449920853
10,Mount Interior Trim,2,13,0.059987240431545547,0.05008377328507679,0.28281471449920853
10,Mount Interior Trim,2,14,0.060148914219190594,0.05008377328507679,0.28281471449920853
10,Mount Interior Trim,2,15,0.027623911090022643,0.05008377328507679,0.28281471449920853
10,Mount Interior Trim,2,16,0.053322352403108744,0.05008377328507679,0.28281471449920853
10,Mount Interior Trim,2,17,0.03312401242308286,0.05008377328507679,0.28281471449920853
10,Mount Interior Trim,2,18,0.060165378706203365,0.05008377328507679,0.28281471449920853
10,Mount Interior Trim,2,19,0.049966032962141485,0.05008377328507679,0.28281471449920853
10,Mount Interior Trim,2,20,0.0293613106161454,0.05008377328507679,0.28281471449920853
11,Install Speaker,1,1,0.03750535476901314,0.056017962394583086,0.3111053248964106
11,Install Speaker,1,2,0.06107895306362185,0.056017962394583086,0.3111053248964106
11,Install Speaker,1,3,0.03399599863791555,0.056017962394583086,0.3111053248964106
11,Install Speaker,1,4,0.07817922766927528,0.056017962394583086,0.3111053248964106
11,Install Speaker,1,5,0.06152235614554748,0.056017962394583086,0.3111053248964106
11,Install Speaker,1,6,0.030964253232636373,0.056017962394583086,0.3111053248964106
11,Install Speaker,1,7,0.03381012185772528,0.056017962394583086,0.3111053248964106
11,Install Speaker,1,8,0.037018112860832536,0.056017962394583086,0.3111053248964106
11,Install Speaker,1,9,0.04340285077287113,0.056017962394583086,0.3111053248964106
11,Install Speaker,1,10,0.04320177007072067,0.056017962394583086,0.3111053248964106
11,Install Speaker,1,11,0.0832155929638336,0.056017962394583086,0.3111053248964106
11,Install Speaker,1,12,0.0363600858065925,0.056017962394583086,0.3111053248964106
11,Install Speaker,1,13,0.06066062896654972,0.056017962394583086,0.3111053248964106
11,Install Speaker,1,14,0.03379950042229288,0.056017962394583086,0.3111053248964106
11,Install Speaker,1,15,0.03178754255953877,0.056017962394583086,0.3111053248964106
11,Install Speaker,1,16,0.06706609411993565,0.056017962394583086,0.3111053248964106
11,Install Speaker,1,17,0.06002316346939866,0.056017962394583086,0.3111053248964106
11,Install Speaker,1,18,0.031325291923811754,0.056017962394583086,0.3111053248964106
11,Install Speaker,1,19,0.03930298237301178,0.056017962394583086,0.3111053248964106
11,Install Speaker,1,20,0.04029103940051592,0.056017962394583086,0.3111053248964106
11,Install Speaker,2,1,0.04325279763412913,0.056017962394583086,0.3111053248964106
11,Install Speaker,2,2,0.05485520265644391,0.056017962394583086,0.3111053248964106
11,Install Speaker,2,3,0.03459883709083888,0.056017962394583086,0.3111053248964106
11,Install Speaker,2,4,0.07240440448718682,0.056017962394583086,0.3111053248964106
11,Install Speaker,2,5,0.04138379382097843,0.056017962394583086,0.3111053248964106
11,Install Speaker,2,6,0.06846499475069394,0.056017962394583086,0.3111053248964106
11,Install Speaker,2,7,0.03473106605209987,0.056017962394583086,0.3111053248964106
11,Install Speaker,2,8,0.07096524523533528,0.056017962394583086,0.3111053248964106
11,Install Speaker,2,9,0.052330372492438326,0.056017962394583086,0.3111053248964106
11,Install Speaker,2,10,0.04200239881048149,0.056017962394583086,0.3111053248964106
11,Install Speaker,2,11,0.08268668290919037,0.056017962394583086,0.3111053248964106
11,Install Speaker,2,12,0.06660974281215845,0.056017962394583086,0.3111053248964106
11,Install Speaker,2,13,0.07271911790620232,0.056017962394583086,0.3111053248964106
11,Install Speaker,2,14,0.05284261418396569,0.056017962394583086,0.3111053248964106
11,Install Speaker,2,15,0.07541489913782098,0.056017962394583086,0.3111053248964106
11,Install Speaker,2,16,0.06676904361833227,0.056017962394583086,0.3111053248964106
11,Install Speaker,2,17,0.08122065052853088,0.056017962394583086,0.3111053248964106
11,Install Speaker,2,18,0.050001643184717254,0.056017962394583086,0.3111053248964106
11,Install Speaker,2,19,0.057879056551734705,0.056017962394583086,0.3111053248964106
11,Install Speaker,2,20,0.06283092274105463,0.056017962394583086,0.3111053248964106
12,Mount Armrest,1,1,0.04989084180104591,0.03890942803796842,0.4719269807493016
12,Mount Armrest,1,2,0.05605531081343608,0.03890942803796842,0.4719269807493016
12,Mount Armrest,1,3,0.03383119966541479,0.03890942803796842,0.4719269807493016
12,Mount Armrest,1,4,0.037441606523003816,0.03890942803796842,0.4719269807493016
12,Mount Armrest,1,5,0.032568525060804765,0.03890942803796842,0.4719269807493016
12,Mount Armrest,1,6,0.021283969380668975,0.03890942803796842,0.4719269807493016
12,Mount Armrest,1,7,0.027703130444167706,0.03890942803796842,0.4719269807493016
12,Mount Armrest,1,8,0.04801581693971928,0.03890942803796842,0.4719269807493016
12,Mount Armrest,1,9,0.05553185920222378,0.03890942803796842,0.4719269807493016
12,Mount Armrest,1,10,0.03193163437734681,0.03890942803796842,0.4719269807493016
12,Mount Armrest,1,11,0.049977793322004034,0.03890942803796842,0.4719269807493016
12,Mount Armrest,1,12,0.038716284220609645,0.03890942803796842,0.4719269807493016
12,Mount Armrest,1,13,0.02826924248146374,0.03890942803796842,0.4719269807493016
12,Mount Armrest,1,14,0.045089084166709606,0.03890942803796842,0.4719269807493016
12,Mount Armrest,1,15,0.03639867147052939,0.03890942803796842,0.4719269807493016
12,Mount Armrest,1,16,0.04800558326976435,0.03890942803796842,0.4719269807493016
12,Mount Armrest,1,17,0.02674116627361293,0.03890942803796842,0.4719269807493016
12,Mount Armrest,1,18,0.05318670218139692,0.03890942803796842,0.4719269807493016
12,Mount Armrest,1,19,0.03739950735152694,0.03890942803796842,0.4719269807493016
12,Mount Armrest,1,20,0.030898882671340666,0.03890942803796842,0.4719269807493016
12,Mount Armrest,2,1,0.044051392312810474,0.03890942803796842,0.4719269807493016
12,Mount Armrest,2,2,0.05773754740826773,0.03890942803796842,0.4719269807493016
12,Mount Armrest,2,3,0.039612142097250946,0.03890942803796842,0.4719269807493016
12,Mount Armrest,2,4,0.03652044292763364,0.03890942803796842,0.4719269807493016
12,Mount Armrest,2,5,0.026201839195041366,0.03890942803796842,0.4719269807493016
12,Mount Armrest,2,6,0.027392787337049574,0.03890942803796842,0.4719269807493016
12,Mount Armrest,2,7,0.03902113427935919,0.03890942803796842,0.4719269807493016
12,Mount Armrest,2,8,0.04888372118997517,0.03890942803796842,0.4719269807493016
12,Mount Armrest,2,9,0.0417488726621987,0.03890942803796842,0.4719269807493016
12,Mount Armrest,2,10,0.02657034697135085,0.03890942803796842,0.4719269807493016
12,Mount Armrest,2,11,0.05229900950876736,0.03890942803796842,0.4719269807493016
12,Mount Armrest,2,12,0.05583549987445723,0.03890942803796842,0.4719269807493016
12,Mount Armrest,2,13,0.031775360149006227,0.03890942803796842,0.4719269807493016
12,Mount Armrest,2,14,0.053732581610604534,0.03890942803796842,0.4719269807493016
12,Mount Armrest,2,15,0.023694538217549896,0.03890942803796842,0.4719269807493016
12,Mount Armrest,2,16,0.02179308426390344,0.03890942803796842,0.4719269807493016
12,Mount Armrest,2,17,0.02189569022430065,0.03890942803796842,0.4719269807493016
12,Mount Armrest,2,18,0.03203580730958419,0.03890942803796842,0.4719269807493016
12,Mount Armrest,2,19,0.055875579333420126,0.03890942803796842,0.4719269807493016
12,Mount Armrest,2,20,0.02705479044343586,0.03890942803796842,0.4719269807493016
13,Install Door Light,1,1,0.05369034602393804,0.03956618305501983,0.3279360718054827
13,Install Door Light,1,2,0.05905481193696756,0.03956618305501983,0.3279360718054827
13,Install Door Light,1,3,0.028988998688896612,0.03956618305501983,0.3279360718054827
13,Install Door Light,1,4,0.03738261898443115,0.03956618305501983,0.3279360718054827
13,Install Door Light,1,5,0.0587644727616606,0.03956618305501983,0.3279360718054827
13,Install Door Light,1,6,0.057308779103929716,0.03956618305501983,0.3279360718054827
13,Install Door Light,1,7,0.05678438435582804,0.03956618305501983,0.3279360718054827
13,Install Door Light,1,8,0.051749123284370854,0.03956618305501983,0.3279360718054827
13,Install Door Light,1,9,0.04122649238221509,0.03956618305501983,0.3279360718054827
13,Install Door Light,1,10,0.03792870653649598,0.03956618305501983,0.3279360718054827
13,Install Door Light,1,11,0.05253203282126228,0.03956618305501983,0.3279360718054827
13,Install Door Light,1,12,0.04471553520298948,0.03956618305501983,0.3279360718054827
13,Install Door Light,1,13,0.029373864762679152,0.03956618305501983,0.3279360718054827
13,Install Door Light,1,14,0.03531699539705373,0.03956618305501983,0.3279360718054827
13,Install Door Light,1,15,0.05114606838828728,0.03956618305501983,0.3279360718054827
13,Install Door Light,1,16,0.054416763974660415,0.03956618305501983,0.3279360718054827
13,Install Door Light,1,17,0.041266843485613075,0.03956618305501983,0.3279360718054827
13,Install Door Light,1,18,0.025884892840434503,0.03956618305501983,0.3279360718054827
13,Install Door Light,1,19,0.04028508295800577,0.03956618305501983,0.3279360718054827
13,Install Door Light,1,20,0.04865720296059243,0.03956618305501983,0.3279360718054827
13,Install Door Light,2,1,0.05582358447383935,0.03956618305501983,0.3279360718054827
13,Install Door Light,2,2,0.0353479275446171,0.03956618305501983,0.3279360718054827
13,Install Door Light,2,3,0.05822468173111425,0.03956618305501983,0.3279360718054827
13,Install Door Light,2,4,0.052336977182740815,0.03956618305501983,0.3279360718054827
13,Install Door Light,2,5,0.0427524983976616,0.03956618305501983,0.3279360718054827
13,Install Door Light,2,6,0.028602055082641215,0.03956618305501983,0.3279360718054827
13,Install Door Light,2,7,0.05756964985957434,0.03956618305501983,0.3279360718054827
13,Install Door Light,2,8,0.03691932017352502,0.03956618305501983,0.3279360718054827
13,Install Door Light,2,9,0.04594086200813812,0.03956618305501983,0.3279360718054827
13,Install Door Light,2,10,0.024700523244756443,0.03956618305501983,0.3279360718054827
13,Install Door Light,2,11,0.024853580135878437,0.03956618305501983,0.3279360718054827
13,Install Door Light,2,12,0.0518880453357559,0.03956618305501983,0.3279360718054827
13,Install Door Light,2,13,0.021178492113574754,0.03956618305501983,0.3279360718054827
13,Install Door Light,2,14,0.025571138120449095,0.03956618305501983,0.3279360718054827
13,Install Door Light,2,15,0.04807049509153213,0.03956618305501983,0.3279360718054827
13,Install Door Light,2,16,0.053122984147947104,0.03956618305501983,0.3279360718054827
13,Install Door Light,2,17,0.020076865381966662,0.03956618305501983,0.3279360718054827
13,Install Door Light,2,18,0.034413492030077965,0.03956618305501983,0.3279360718054827
13,Install Door Light,2,19,0.021166841858650302,0.03956618305501983,0.3279360718054827
13,Install Door Light,2,20,0.020155555390634117,0.03956618305501983,0.3279360718054827
14,Mount Mirror,1,1,0.02083571816024238,0.03904201849076103,0.20042806416882747
14,Mount Mirror,1,2,0.028953674784801913,0.03904201849076103,0.20042806416882747
14,Mount Mirror,1,3,0.037132028402562245,0.03904201849076103,0.20042806416882747
14,Mount Mirror,1,4,0.023609149895678787,0.03904201849076103,0.20042806416882747
14,Mount Mirror,1,5,0.024038719348909873,0.03904201849076103,0.20042806416882747
14,Mount Mirror,1,6,0.023085224998209707,0.03904201849076103,0.20042806416882747
14,Mount Mirror,1,7,0.03186012637777874,0.03904201849076103,0.20042806416882747
14,Mount Mirror,1,8,0.04680752086634607,0.03904201849076103,0.20042806416882747
14,Mount Mirror,1,9,0.028955493242297185,0.03904201849076103,0.20042806416882747
14,Mount Mirror,1,10,0.056817084091130086,0.03904201849076103,0.20042806416882747
14,Mount Mirror,1,11,0.0243767373684136,0.03904201849076103,0.20042806416882747
14,Mount Mirror,1,12,0.03269883911046542,0.03904201849076103,0.20042806416882747
14,Mount Mirror,1,13,0.03990532320599171,0.03904201849076103,0.20042806416882747
14,Mount Mirror,1,14,0.02582729468680141,0.03904201849076103,0.20042806416882747
14,Mount Mirror,1,15,0.028300671780408633,0.03904201849076103,0.20042806416882747
14,Mount Mirror,1,16,0.03565184838803781,0.03904201849076103,0.20042806416882747
14,Mount Mirror,1,17,0.05151486888893689,0.03904201849076103,0.20042806416882747
14,Mount Mirror,1,18,0.04104563583334345,0.03904201849076103,0.20042806416882747
14,Mount Mirror,1,19,0.04279076634150431,0.03904201849076103,0.20042806416882747
14,Mount Mirror,1,20,0.05407867762882765,0.03904201849076103,0.20042806416882747
14,Mount Mirror,2,1,0.01958768825148622,0.03904201849076103,0.20042806416882747
14,Mount Mirror,2,2,0.056159867829003667,0.03904201849076103,0.20042806416882747
14,Mount Mirror,2,3,0.040696473208016976,0.03904201849076103,0.20042806416882747
14,Mount Mirror,2,4,0.040879987253664,0.03904201849076103,0.20042806416882747
14,Mount Mirror,2,5,0.05542523766405047,0.03904201849076103,0.20042806416882747
14,Mount Mirror,2,6,0.0220311922852215,0.03904201849076103,0.20042806416882747
14,Mount Mirror,2,7,0.029902159890518847,0.03904201849076103,0.20042806416882747
14,Mount Mirror,2,8,0.055306935048743476,0.03904201849076103,0.20042806416882747
14,Mount Mirror,2,9,0.04130187446241804,0.03904201849076103,0.20042806416882747
14,Mount Mirror,2,10,0.02457535090024847,0.03904201849076103,0.20042806416882747
14,Mount Mirror,2,11,0.029218838115969384,0.03904201849076103,0.20042806416882747
14,Mount Mirror,2,12,0.053925171980343904,0.03904201849076103,0.20042806416882747
14,Mount Mirror,2,13,0.04208931630831369,0.03904201849076103,0.20042806416882747
14,Mount Mirror,2,14,0.02709537266035449,0.03904201849076103,0.20042806416882747
14,Mount Mirror,2,15,0.043124590904664105,0.03904201849076103,0.20042806416882747
14,Mount Mirror,2,16,0.046193079085727645,0.03904201849076103,0.20042806416882747
14,Mount Mirror,2,17,0.02332699158936025,0.03904201849076103,0.20042806416882747
14,Mount Mirror,2,18,0.03582894443585307,0.03904201849076103,0.20042806416882747
14,Mount Mirror,2,19,0.04592208870002507,0.03904201849076103,0.20042806416882747
14,Mount Mirror,2,20,0.055018341590983025,0.03904201849076103,0.20042806416882747
15,Install Window Switch,1,1,0.04822884100406372,0.04670419177356381,0.40884813905509065
15,Install Window Switch,1,2,0.023846221889376865,0.04670419177356381,0.40884813905509065
15,Install Window Switch,1,3,0.03625726674190234,0.04670419177356381,0.40884813905509065
15,Install Window Switch,1,4,0.055339985380125516,0.04670419177356381,0.40884813905509065
15,Install Window Switch,1,5,0.025808817759805282,0.04670419177356381,0.40884813905509065
15,Install Window Switch,1,6,0.0470942500458858,0.04670419177356381,0.40884813905509065
15,Install Window Switch,1,7,0.06505786513518366,0.04670419177356381,0.40884813905509065
15,Install Window Switch,1,8,0.06841446433671809,0.04670419177356381,0.40884813905509065
15,Install Window Switch,1,9,0.04377101293196998,0.04670419177356381,0.40884813905509065
15,Install Window Switch,1,10,0.051612284036470404,0.04670419177356381,0.40884813905509065
15,Install Window Switch,1,11,0.04690380469918646,0.04670419177356381,0.40884813905509065
15,Install Window Switch,1,12,0.06840376815325078,0.04670419177356381,0.40884813905509065
15,Install Window Switch,1,13,0.0340569278928959,0.04670419177356381,0.40884813905509065
15,Install Window Switch,1,14,0.0465824634293228,0.04670419177356381,0.40884813905509065
15,Install Window Switch,1,15,0.04563616365054035,0.04670419177356381,0.40884813905509065
15,Install Window Switch,1,16,0.030006648005184426,0.04670419177356381,0.40884813905509065
15,Install Window Switch,1,17,0.0644137217011924,0.04670419177356381,0.40884813905509065
15,Install Window Switch,1,18,0.04713365495838383,0.04670419177356381,0.40884813905509065
15,Install Window Switch,1,19,0.056869498050116624,0.04670419177356381,0.40884813905509065
15,Install Window Switch,1,20,0.04535827920228439,0.04670419177356381,0.40884813905509065
15,Install Window Switch,2,1,0.0615320473251259,0.04670419177356381,0.40884813905509065
15,Install Window Switch,2,2,0.06195734715106466,0.04670419177356381,0.40884813905509065
15,Install Window Switch,2,3,0.03332350865843775,0.04670419177356381,0.40884813905509065
15,Install Window Switch,2,4,0.032072940240646546,0.04670419177356381,0.40884813905509065
15,Install Window Switch,2,5,0.035214180507046396,0.04670419177356381,0.40884813905509065
15,Install Window Switch,2,6,0.025748083820948515,0.04670419177356381,0.40884813905509065
15,Install Window Switch,2,7,0.06028724805274852,0.04670419177356381,0.40884813905509065
15,Install Window Switch,2,8,0.030398604312161685,0.04670419177356381,0.40884813905509065
15,Install Window Switch,2,9,0.05584967470707018,0.04670419177356381,0.40884813905509065
15,Install Window Switch,2,10,0.04069766582532464,0.04670419177356381,0.40884813905509065
15,Install Window Switch,2,11,0.042938150810838065,0.04670419177356381,0.40884813905509065
15,Install Window Switch,2,12,0.026759209740050166,0.04670419177356381,0.40884813905509065
15,Install Window Switch,2,13,0.05100035354594425,0.04670419177356381,0.40884813905509065
15,Install Window Switch,2,14,0.051907340669591004,0.04670419177356381,0.40884813905509065
15,Install Window Switch,2,15,0.03303150357284552,0.04670419177356381,0.40884813905509065
15,Install Window Switch,2,16,0.050366844397101325,0.04670419177356381,0.40884813905509065
15,Install Window Switch,2,17,0.05638019663869376,0.04670419177356381,0.40884813905509065
15,Install Window Switch,2,18,0.03903358389182408,0.04670419177356381,0.40884813905509065
15,Install Window Switch,2,19,0.043424747111755556,0.04670419177356381,0.40884813905509065
15,Install Window Switch,2,20,0.03639895960156562,0.04670419177356381,0.40884813905509065
16,Quality Check,1,1,0.017792886498560055,0.01371900834710703,0.29265580545913916
16,Quality Check,1,2,0.018255065739306225,0.01371900834710703,0.29265580545913916
16,Quality Check,1,3,0.013743797101442995,0.01371900834710703,0.29265580545913916
16,Quality Check,1,4,0.018066479700639165,0.01371900834710703,0.29265580545913916
16,Quality Check,1,5,0.016910350264600103,0.01371900834710703,0.29265580545913916
16,Quality Check,1,6,0.008486987669474415,0.01371900834710703,0.29265580545913916
16,Quality Check,1,7,0.01405242260718274,0.01371900834710703,0.29265580545913916
16,Quality Check,1,8,0.010373552037713108,0.01371900834710703,0.29265580545913916
16,Quality Check,1,9,0.019139341085798203,0.01371900834710703,0.29265580545913916
16,Quality Check,1,10,0.011698105356770837,0.01371900834710703,0.29265580545913916
16,Quality Check,1,11,0.011893021237490833,0.01371900834710703,0.29265580545913916
16,Quality Check,1,12,0.01351885360845436,0.01371900834710703,0.29265580545913916
16,Quality Check,1,13,0.007274542389391758,0.01371900834710703,0.29265580545913916
16,Quality Check,1,14,0.009718200339451186,0.01371900834710703,0.29265580545913916
16,Quality Check,1,15,0.013930311033349877,0.01371900834710703,0.29265580545913916
16,Quality Check,1,16,0.01043071200043284,0.01371900834710703,0.29265580545913916
16,Quality Check,1,17,0.008455715412606448,0.01371900834710703,0.29265580545913916
16,Quality Check,1,18,0.01802588631560813,0.01371900834710703,0.29265580545913916
16,Quality Check,1,19,0.01777860528201977,0.01371900834710703,0.29265580545913916
16,Quality Check,1,20,0.01640680536662057,0.01371900834710703,0.29265580545913916
16,Quality Check,2,1,0.01734720305487023,0.01371900834710703,0.29265580545913916
16,Quality Check,2,2,0.013645098301900112,0.01371900834710703,0.29265580545913916
16,Quality Check,2,3,0.011122785343394122,0.01371900834710703,0.29265580545913916
16,Quality Check,2,4,0.010779530252937462,0.01371900834710703,0.29265580545913916
16,Quality Check,2,5,0.014267826248649071,0.01371900834710703,0.29265580545913916
16,Quality Check,2,6,0.016998806626575352,0.01371900834710703,0.29265580545913916
16,Quality Check,2,7,0.009108819471495626,0.01371900834710703,0.29265580545913916
16,Quality Check,2,8,0.012916742040629875,0.01371900834710703,0.29265580545913916
16,Quality Check,2,9,0.008062401191207236,0.01371900834710703,0.29265580545913916
16,Quality Check,2,10,0.00862565393186371,0.01371900834710703,0.29265580545913916
16,Quality Check,2,11,0.007840734307177329,0.01371900834710703,0.29265580545913916
16,Quality Check,2,12,0.012676834814253177,0.01371900834710703,0.29265580545913916
16,Quality Check,2,13,0.016868409520377332,0.01371900834710703,0.29265580545913916
16,Quality Check,2,14,0.014104167622125841,0.01371900834710703,0.29265580545913916
16,Quality Check,2,15,0.010429368956718326,0.01371900834710703,0.29265580545913916
16,Quality Check,2,16,0.014833428502282506,0.01371900834710703,0.29265580545913916
16,Quality Check,2,17,0.010051233054631922,0.01371900834710703,0.29265580545913916
16,Quality Check,2,18,0.010861149573514285,0.01371900834710703,0.29265580545913916
16,Quality Check,2,19,0.01800261511153179,0.01371900834710703,0.29265580545913916
16,Quality Check,2,20,0.020445424282405478,0.01371900834710703,0.29265580545913916
17,Final Assembly,1,1,0.11439408769228214,0.07754796996752888,0.48351446713783813
17,Final Assembly,1,2,0.11063093725348051,0.07754796996752888,0.48351446713783813
17,Final Assembly,1,3,0.11031998659060128,0.07754796996752888,0.48351446713783813
17,Final Assembly,1,4,0.08759432277337802,0.07754796996752888,0.48351446713783813
17,Final Assembly,1,5,0.06753458053557566,0.07754796996752888,0.48351446713783813
17,Final Assembly,1,6,0.055430346818687595,0.07754796996752888,0.48351446713783813
17,Final Assembly,1,7,0.04180092664210322,0.07754796996752888,0.48351446713783813
17,Final Assembly,1,8,0.05705687483727865,0.07754796996752888,0.48351446713783813
17,Final Assembly,1,9,0.1013594866293031,0.07754796996752888,0.48351446713783813
17,Final Assembly,1,10,0.0677891509993077,0.07754796996752888,0.48351446713783813
17,Final Assembly,1,11,0.045668540079648004,0.07754796996752888,0.48351446713783813
17,Final Assembly,1,12,0.07589609633382742,0.07754796996752888,0.48351446713783813
17,Final Assembly,1,13,0.06734327436142254,0.07754796996752888,0.48351446713783813
17,Final Assembly,1,14,0.06142801745812988,0.07754796996752888,0.48351446713783813
17,Final Assembly,1,15,0.10373610539157965,0.07754796996752888,0.48351446713783813
17,Final Assembly,1,16,0.06899329679162372,0.07754796996752888,0.48351446713783813
17,Final Assembly,1,17,0.06453832293884594,0.07754796996752888,0.48351446713783813
17,Final Assembly,1,18,0.06886178047270163,0.07754796996752888,0.48351446713783813
17,Final Assembly,1,19,0.0930704148488058,0.07754796996752888,0.48351446713783813
17,Final Assembly,1,20,0.04953870984070067,0.07754796996752888,0.48351446713783813
17,Final Assembly,2,1,0.09235827865125742,0.07754796996752888,0.48351446713783813
17,Final Assembly,2,2,0.08804518603694522,0.07754796996752888,0.48351446713783813
17,Final Assembly,2,3,0.08735061030073893,0.07754796996752888,0.48351446713783813
17,Final Assembly,2,4,0.08473945528528244,0.07754796996752888,0.48351446713783813
17,Final Assembly,2,5,0.05927597923068573,0.07754796996752888,0.48351446713783813
17,Final Assembly,2,6,0.0768901026713362,0.07754796996752888,0.48351446713783813
17,Final Assembly,2,7,0.10747395954761702,0.07754796996752888,0.48351446713783813
17,Final Assembly,2,8,0.06741145420832678,0.07754796996752888,0.48351446713783813
17,Final Assembly,2,9,0.0711246442449454,0.07754796996752888,0.48351446713783813
17,Final Assembly,2,10,0.09875128136209321,0.07754796996752888,0.48351446713783813
17,Final Assembly,2,11,0.09756635517129596,0.07754796996752888,0.48351446713783813
17,Final Assembly,2,12,0.10879515919239686,0.07754796996752888,0.48351446713783813
17,Final Assembly,2,13,0.0590127983941731,0.07754796996752888,0.48351446713783813
17,Final Assembly,2,14,0.048249273632931175,0.07754796996752888,0.48351446713783813
17,Final Assembly,2,15,0.09613982605111578,0.07754796996752888,0.48351446713783813
17,Final Assembly,2,16,0.05117659393170093,0.07754796996752888,0.48351446713783813
17,Final Assembly,2,17,0.06014841664293987,0.07754796996752888,0.48351446713783813
17,Final Assembly,2,18,0.07448475746496508,0.07754796996752888,0.48351446713783813
17,Final Assembly,2,19,0.09053817251008532,0.07754796996752888,0.48351446713783813
17,Final Assembly,2,20,0.0914922495954337,0.07754796996752888,0.48351446713783813
18,Test Operations,1,1,0.05334902635576094,0.06890337004288781,0.2393331927043742
18,Test Operations,1,2,0.06605101029085231,0.06890337004288781,0.2393331927043742
18,Test Operations,1,3,0.06080799157265271,0.06890337004288781,0.2393331927043742
18,Test Operations,1,4,0.05112785830228963,0.06890337004288781,0.2393331927043742
18,Test Operations,1,5,0.0593578470917675,0.06890337004288781,0.2393331927043742
18,Test Operations,1,6,0.08702992242167235,0.06890337004288781,0.2393331927043742
18,Test Operations,1,7,0.08909079531652535,0.06890337004288781,0.2393331927043742
18,Test Operations,1,8,0.04459633451898693,0.06890337004288781,0.2393331927043742
18,Test Operations,1,9,0.067833228498054,0.06890337004288781,0.2393331927043742
18,Test Operations,1,10,0.09680430754917786,0.06890337004288781,0.2393331927043742
18,Test Operations,1,11,0.06168760422965927,0.06890337004288781,0.2393331927043742
18,Test Operations,1,12,0.09664825627181818,0.06890337004288781,0.2393331927043742
18,Test Operations,1,13,0.08612543279975164,0.06890337004288781,0.2393331927043742
18,Test Operations,1,14,0.04300744630527974,0.06890337004288781,0.2393331927043742
18,Test Operations,1,15,0.04575412578154158,0.06890337004288781,0.2393331927043742
18,Test Operations,1,16,0.03821226353536611,0.06890337004288781,0.2393331927043742
18,Test Operations,1,17,0.0632102785249926,0.06890337004288781,0.2393331927043742
18,Test Operations,1,18,0.04428176171701,0.06890337004288781,0.2393331927043742
18,Test Operations,1,19,0.09007052118494994,0.06890337004288781,0.2393331927043742
18,Test Operations,1,20,0.06941527283039667,0.06890337004288781,0.2393331927043742
18,Test Operations,2,1,0.04326285251939274,0.06890337004288781,0.2393331927043742
18,Test Operations,2,2,0.03897058210551102,0.06890337004288781,0.2393331927043742
18,Test Operations,2,3,0.09350348809245722,0.06890337004288781,0.2393331927043742
18,Test Operations,2,4,0.07251906084202733,0.06890337004288781,0.2393331927043742
18,Test Operations,2,5,0.08555371653068035,0.06890337004288781,0.2393331927043742
18,Test Operations,2,6,0.08692237430507221,0.06890337004288781,0.2393331927043742
18,Test Operations,2,7,0.06977383907998992,0.06890337004288781,0.2393331927043742
18,Test Operations,2,8,0.07208574284739175,0.06890337004288781,0.2393331927043742
18,Test Operations,2,9,0.08636914759305876,0.06890337004288781,0.2393331927043742
18,Test Operations,2,10,0.06220477689887708,0.06890337004288781,0.2393331927043742
18,Test Operations,2,11,0.08738145047762415,0.06890337004288781,0.2393331927043742
18,Test Operations,2,12,0.0924244816847318,0.06890337004288781,0.2393331927043742
18,Test Operations,2,13,0.09100233840016357,0.06890337004288781,0.2393331927043742
18,Test Operations,2,14,0.0969367037975211,0.06890337004288781,0.2393331927043742
18,Test Operations,2,15,0.03594642873714765,0.06890337004288781,0.2393331927043742
18,Test Operations,2,16,0.09283358746703982,0.06890337004288781,0.2393331927043742
18,Test Operations,2,17,0.08084587062295157,0.06890337004288781,0.2393331927043742
18,Test Operations,2,18,0.037664381623839886,0.06890337004288781,0.2393331927043742
18,Test Operations,2,19,0.09044307489331677,0.06890337004288781,0.2393331927043742
18,Test Operations,2,20,0.0806766538556132,0.06890337004288781,0.2393331927043742
